andre.santos,ST0312
andre.santos,ST0313
andre.santos,ST0100
andre.santos,ST0317
rebeca.machado,ST0375
rebeca.machado,ST0376
rebeca.machado,ST0331
rebeca.machado,ST0273
florencio.netto,ST0041
florencio.netto,ST0332
florencio.netto,ST0388
florencio.netto,ST0389
murilo.camargo,ST0311
murilo.camargo,ST0310
murilo.camargo,ST0158
leandro.pivovar,ST0083
leandro.pivovar,ST0283
leandro.pivovar,ST0070
leandro.pivovar,ST0178
william.pereira,ST0291
william.pereira,ST0114
william.pereira,ST0344
Vago,ST0241
Vago,ST0205
Vago,ST0320
Vago,ST0117
vanessa.trindade,ST0133
vanessa.trindade,ST0223
vanessa.trindade,ST0404
vanessa.trindade,ST0207
rodrigo.buiar,ST0118
rodrigo.buiar,ST0227
rodrigo.buiar,ST0226
rodrigo.buiar,ST0016
laize.santos,ST0219
laize.santos,ST0218
laize.santos,ST0217
laize.santos,ST0350
laize.santos,ST0303